ID,employee_ID,coachName
b2e1a8d6-0101-4d5a-9c21-b11111111111,a1d2c3e4-0001-4f10-8a11-111111111111,Rahul Mehta
b2e1a8d6-0102-4d5a-9c21-b22222222222,a1d2c3e4-0002-4f10-8a11-222222222222,Anaya Singh
b2e1a8d6-0103-4d5a-9c21-b33333333333,a1d2c3e4-0003-4f10-8a11-333333333333,Casey Morgan
b2e1a8d6-0104-4d5a-9c21-b44444444444,a1d2c3e4-0004-4f10-8a11-444444444444,Vikram Singh
b2e1a8d6-0105-4d5a-9c21-b55555555555,a1d2c3e4-0005-4f10-8a11-555555555555,Avery Thompson
b2e1a8d6-0106-4d5a-9c21-b66666666666,a1d2c3e4-0006-4f10-8a11-666666666666,Michelle Park
b2e1a8d6-0107-4d5a-9c21-b77777777777,a1d2c3e4-0007-4f10-8a11-777777777777,James Wilson
b2e1a8d6-0108-4d5a-9c21-b88888888888,a1d2c3e4-0008-4f10-8a11-888888888888,Lucia Garcia
b2e1a8d6-0109-4d5a-9c21-b99999999999,a1d2c3e4-0009-4f10-8a11-999999999999,Sean Byrne
b2e1a8d6-0110-4d5a-9c21-baaaaaaaaaaa,a1d2c3e4-0010-4f10-8a11-aaaaaaaaaaaa,Olivia Bennett